"$id","http://www.w3.org/2000/01/rdf-schema#label","http://www.w3.org/2003/01/geo/wgs84_pos#lat","http://www.w3.org/2003/01/geo/wgs84_pos#long"
"http://irail.be/stations/NMBS/008822251","Weerde [NMBS/SNCB]","50.977449","4.470937"
"http://irail.be/stations/NMBS/008841202","Ans [NMBS/SNCB]","50.661208","5.509704"
"http://irail.be/stations/NMBS/008821907","Turnhout [NMBS/SNCB]","51.322032","4.937415"
"http://irail.be/stations/NMBS/008872413","Fleurus [NMBS/SNCB]","50.481927","4.543741"
"http://irail.be/stations/NMBS/008821717","Herentals [NMBS/SNCB]","51.181513","4.829535"
"http://irail.be/stations/NMBS/008841608","Herstal [NMBS/SNCB]","50.660911","5.622761"
"http://irail.be/stations/NMBS/008833209","Aarschot [NMBS/SNCB]","50.984406","4.824043"
"http://irail.be/stations/NMBS/008886066","Brugelette [NMBS/SNCB]","50.594229","3.852551"
"http://irail.be/stations/NMBS/008872553","Tilly [NMBS/SNCB]","50.558084","4.552676"
"http://irail.be/stations/NMBS/008814373","Vorst-Zuid [NMBS/SNCB]","50.809215","4.309167"
"http://irail.be/stations/NMBS/008833308","Tienen [NMBS/SNCB]","50.808020","4.925810"
"http://irail.be/stations/NMBS/008885704","Moeskroen [NMBS/SNCB]","50.741005","3.228448"
"http://irail.be/stations/NMBS/008821022","Antwerpen-Oost [NMBS/SNCB]","51.207357","4.436392"
"http://irail.be/stations/NMBS/008814175","De Hoek [NMBS/SNCB]","50.738812","4.370717"
"http://irail.be/stations/NMBS/008832235","Beringen [NMBS/SNCB]","51.050603","5.235892"
"http://irail.be/stations/NMBS/008866118","Viville [NMBS/SNCB]","49.688243","5.786527"
"http://irail.be/stations/NMBS/008821709","Wolfstee [NMBS/SNCB]","51.168361","4.786144"
"http://irail.be/stations/NMBS/008821121","Antwerpen-Berchem [NMBS/SNCB]","51.199230","4.432221"
"http://irail.be/stations/NMBS/008895505","Geraardsbergen [NMBS/SNCB]","50.771137","3.872328"
"http://irail.be/stations/NMBS/008872611","Faux [NMBS/SNCB]","50.621826","4.549260"
"http://irail.be/stations/NMBS/008843208","Flemalle-Haute [NMBS/SNCB]","50.595308","5.457656"
"http://irail.be/stations/NMBS/008832565","Lommel [NMBS/SNCB]","51.211564","5.312031"
"http://irail.be/stations/NMBS/008728105","Croix L Allumette (f)","50.675708","3.133810"
"http://irail.be/stations/NMBS/008814241","Lillois [NMBS/SNCB]","50.645423","4.365368"
"http://irail.be/stations/NMBS/008884855","Peruwelz [NMBS/SNCB]","50.513704","3.592772"
"http://irail.be/stations/NMBS/008865649","Gedinne [NMBS/SNCB]","49.984123","4.978073"
"http://irail.be/stations/NMBS/008822160","Baasrode-Zuid [NMBS/SNCB]","51.019437","4.153492"
"http://irail.be/stations/NMBS/008832664","Hamont [NMBS/SNCB]","51.246424","5.543279"
"http://irail.be/stations/NMBS/008843307","Hoei [NMBS/SNCB]","50.527242","5.234211"
"http://irail.be/stations/NMBS/008821030","Antwerpen-Dam [NMBS/SNCB]","51.231987","4.426234"
"http://irail.be/stations/NMBS/008886058","Mevergnies-Attre [NMBS/SNCB]","50.600108","3.833917"
"http://irail.be/stations/NMBS/008896396","Wervik [NMBS/SNCB]","50.781861","3.046983"
"http://irail.be/stations/NMBS/008832045","Balen [NMBS/SNCB]","51.169099","5.164986"
"http://irail.be/stations/NMBS/008895612","Viane-Moerbeke [NMBS/SNCB]","50.751981","3.917337"
"http://irail.be/stations/NMBS/008832243","Heusden [NMBS/SNCB]","51.038207","5.281782"
"http://irail.be/stations/NMBS/008822269","Eppegem [NMBS/SNCB]","50.958400","4.457490"
"http://irail.be/stations/NMBS/008893401","Dendermonde [NMBS/SNCB]","51.022781","4.101427"
"http://irail.be/stations/NMBS/008892635","Zingem [NMBS/SNCB]","50.908025","3.646384"
"http://irail.be/stations/NMBS/008843331","Amay [NMBS/SNCB]","50.546011","5.320490"
"http://irail.be/stations/NMBS/008841327","Voroux [NMBS/SNCB]","50.661810","5.429556"
"http://irail.be/stations/NMBS/008842853","Sy [NMBS/SNCB]","50.403254","5.523565"
"http://irail.be/stations/NMBS/008824240","Niel [NMBS/SNCB]","51.111595","4.338589"
"http://irail.be/stations/NMBS/008842754","Aywaille [NMBS/SNCB]","50.472938","5.672499"
"http://irail.be/stations/NMBS/008814159","Holleken [NMBS/SNCB]","50.767631","4.353952"
"http://irail.be/stations/NMBS/008895760","Ninove [NMBS/SNCB]","50.839509","4.026133"
"http://irail.be/stations/NMBS/008892734","Anzegem [NMBS/SNCB]","50.826385","3.495014"
"http://irail.be/stations/NMBS/008896388","Bissegem [NMBS/SNCB]","50.825845","3.224205"
"http://irail.be/stations/NMBS/008814357","Lot [NMBS/SNCB]","50.766364","4.273696"
"http://irail.be/stations/NMBS/008822137","Malderen [NMBS/SNCB]","51.014484","4.229110"
"http://irail.be/stations/NMBS/008895620","Galmaarden [NMBS/SNCB]","50.743918","3.965726"
"http://irail.be/stations/NMBS/008821006","Antwerpen-Centraal [NMBS/SNCB]","51.217200","4.421101"
"http://irail.be/stations/NMBS/008841731","Glaaien [NMBS/SNCB]","50.750426","5.535431"
"http://irail.be/stations/NMBS/008822277","Hofstade [NMBS/SNCB]","50.988658","4.498336"
"http://irail.be/stations/NMBS/008814258","Eigenbrakel [NMBS/SNCB]","50.684778","4.375526"
"http://irail.be/stations/NMBS/008892627","Eine [NMBS/SNCB]","50.870432","3.623776"
"http://irail.be/stations/NMBS/008821147","Mortsel [NMBS/SNCB]","51.182960","4.448437"
"http://irail.be/stations/NMBS/008895778","Okegem [NMBS/SNCB]","50.857712","4.054557"
"http://irail.be/stations/NMBS/008892643","Gavere-Asper [NMBS/SNCB]","50.930021","3.639732"
"http://irail.be/stations/NMBS/008892031","Drongen [NMBS/SNCB]","51.047295","3.655202"
"http://irail.be/stations/NMBS/008822533","Hambos [NMBS/SNCB]","50.944251","4.663010"
"http://irail.be/stations/NMBS/008814266","Waterloo [NMBS/SNCB]","50.715422","4.383481"
"http://irail.be/stations/NMBS/008843323","Ampsin [NMBS/SNCB]","50.539215","5.289729"
"http://irail.be/stations/NMBS/008824232","Schelle [NMBS/SNCB]","51.125510","4.340261"
"http://irail.be/stations/NMBS/008814365","Ruisbroek [NMBS/SNCB]","50.791830","4.295333"
"http://irail.be/stations/NMBS/008886074","Cambron-Casteau [NMBS/SNCB]","50.586759","3.874809"
"http://irail.be/stations/NMBS/008831401","Diest [NMBS/SNCB]","50.993341","5.050031"
"http://irail.be/stations/NMBS/008895638","Tollembeek [NMBS/SNCB]","50.735522","3.992828"
"http://irail.be/stations/NMBS/008896370","Wevelgem [NMBS/SNCB]","50.811526","3.183520"
"http://irail.be/stations/NMBS/008814167","Sint-Genesius-Rode [NMBS/SNCB]","50.747810","4.361997"
"http://irail.be/stations/NMBS/008822145","Buggenhout [NMBS/SNCB]","51.016291","4.201666"
"http://irail.be/stations/NMBS/008844271","Trooz [NMBS/SNCB]","50.573213","5.688346"
"http://irail.be/stations/NMBS/008885068","Froyennes [NMBS/SNCB]","50.629890","3.354837"
"http://irail.be/stations/NMBS/008832227","Beverlo [NMBS/SNCB]","51.087719","5.234373"
"http://irail.be/stations/NMBS/008832409","Mol [NMBS/SNCB]","51.191050","5.116336"
"http://irail.be/stations/NMBS/008821154","Mortsel-Deurnesteenweg [NMBS/SNCB]","51.183023","4.446514"
"http://irail.be/stations/NMBS/008892338","De Panne [NMBS/SNCB]","51.077400","2.601963"
"http://irail.be/stations/NMBS/008210014","Mamer-Lycee (l)","49.627502","6.023330"
"http://irail.be/stations/NMBS/008891660","Knokke [NMBS/SNCB]","51.339894","3.285188"
"http://irail.be/stations/NMBS/008895844","Iddergem [NMBS/SNCB]","50.876886","4.068490"
"http://irail.be/stations/NMBS/008833159","Sint-Joris-Weert [NMBS/SNCB]","50.800631","4.651728"
"http://irail.be/stations/NMBS/008873387","Ham-Sur-Heure [NMBS/SNCB]","50.319555","4.404696"
"http://irail.be/stations/NMBS/008866530","Halanzy [NMBS/SNCB]","49.556200","5.741347"
"http://irail.be/stations/NMBS/008832615","Neerpelt [NMBS/SNCB]","51.222369","5.437170"
"http://irail.be/stations/NMBS/008892650","Eke-Nazareth [NMBS/SNCB]","50.960774","3.627839"
"http://irail.be/stations/NMBS/008842838","Comblain-La-Tour [NMBS/SNCB]","50.456865","5.566956"
"http://irail.be/stations/NMBS/008895745","Appelterre [NMBS/SNCB]","50.813063","3.972108"
"http://irail.be/stations/NMBS/008841442","Remicourt [NMBS/SNCB]","50.678611","5.321407"
"http://irail.be/stations/NMBS/008871365","Pont-A-Celles [NMBS/SNCB]","50.513812","4.355291"
"http://irail.be/stations/NMBS/008833449","Ezemaal [NMBS/SNCB]","50.772126","4.994217"
"http://irail.be/stations/NMBS/008833050","Vertrijk [NMBS/SNCB]","50.836282","4.835522"
"http://irail.be/stations/NMBS/008814134","Ukkel-Kalevoet [NMBS/SNCB]","50.791749","4.332207"
"http://irail.be/stations/NMBS/008821816","Berlaar [NMBS/SNCB]","51.113662","4.638811"
"http://irail.be/stations/NMBS/008824224","Hemiksem [NMBS/SNCB]","51.136243","4.338293"
"http://irail.be/stations/NMBS/008895646","Herne [NMBS/SNCB]","50.723701","4.014573"
"http://irail.be/stations/NMBS/008842630","Tilff [NMBS/SNCB]","50.570624","5.583937"
"http://irail.be/stations/NMBS/008866258","Neufchateau [NMBS/SNCB]","49.854318","5.452559"
"http://irail.be/stations/NMBS/008813003","Brussel-Centraal [NMBS/SNCB]","50.845658","4.356801"
"http://irail.be/stations/NMBS/008885753","Herseaux [NMBS/SNCB]","50.713894","3.245959"
"http://irail.be/stations/NMBS/008842705","Rivage [NMBS/SNCB]","50.483285","5.587631"
"http://irail.be/stations/NMBS/008832003","Leopoldsburg [NMBS/SNCB]","51.117312","5.257287"
"http://irail.be/stations/NMBS/008871175","Jamioulx [NMBS/SNCB]","50.352896","4.411294"
"http://irail.be/stations/NMBS/008833258","Langdorp [NMBS/SNCB]","51.002466","4.863541"
"http://irail.be/stations/NMBS/008872520","Ligny [NMBS/SNCB]","50.511726","4.566133"
"http://irail.be/stations/NMBS/008831765","Genk [NMBS/SNCB]","50.967057","5.497685"
"http://irail.be/stations/NMBS/008895851","Welle [NMBS/SNCB]","50.903279","4.050620"
"http://irail.be/stations/NMBS/008895752","Eichem [NMBS/SNCB]","50.823994","3.993745"
"http://irail.be/stations/NMBS/008873007","Walcourt [NMBS/SNCB]","50.259219","4.435879"
"http://irail.be/stations/NMBS/008842846","Hamoir [NMBS/SNCB]","50.428181","5.533561"
"http://irail.be/stations/NMBS/008844057","Verviers-Paleis [NMBS/SNCB]","50.590921","5.865335"
"http://irail.be/stations/NMBS/008885001","Doornik [NMBS/SNCB]","50.613134","3.396942"
"http://irail.be/stations/NMBS/008842648","Mery [NMBS/SNCB]","50.547620","5.587236"
"http://irail.be/stations/NMBS/008814001","Brussel-Zuid [NMBS/SNCB]","50.835707","4.336531"
"http://irail.be/stations/NMBS/008892254","Tielt [NMBS/SNCB]","50.990842","3.330341"
"http://irail.be/stations/NMBS/008814142","Linkebeek [NMBS/SNCB]","50.773681","4.339434"
"http://irail.be/stations/NMBS/008812062","Zellik [NMBS/SNCB]","50.890028","4.274541"
"http://irail.be/stations/NMBS/008871373","Gouy-Lez-Pieton [NMBS/SNCB]","50.497065","4.325123"
"http://irail.be/stations/NMBS/008841459","Momalle [NMBS/SNCB]","50.669910","5.367602"
"http://irail.be/stations/NMBS/008893534","Wichelen [NMBS/SNCB]","51.001962","3.969195"
"http://irail.be/stations/NMBS/008892007","Gent-Sint-Pieters [NMBS/SNCB]","51.035896","3.710675"
"http://irail.be/stations/NMBS/008891645","Heist [NMBS/SNCB]","51.333979","3.239181"
"http://irail.be/stations/NMBS/008885522","Antoing [NMBS/SNCB]","50.569626","3.451309"
"http://irail.be/stations/NMBS/008871183","Beignee [NMBS/SNCB]","50.333893","4.406305"
"http://irail.be/stations/NMBS/008895869","Haaltert [NMBS/SNCB]","50.906838","4.023958"
"http://irail.be/stations/NMBS/008832250","Zolder [NMBS/SNCB]","51.030000","5.330000"
"http://irail.be/stations/NMBS/008814118","Vorst-Oost [NMBS/SNCB]","50.810195","4.320943"
"http://irail.be/stations/NMBS/008884889","Callenelle [NMBS/SNCB]","50.527359","3.526180"
"http://irail.be/stations/NMBS/008866654","Aubange [NMBS/SNCB]","49.564093","5.798060"
"http://irail.be/stations/NMBS/008200940","Rodange (l)","49.551283","5.845028"
"http://irail.be/stations/NMBS/008892106","Deinze [NMBS/SNCB]","50.978258","3.534432"
"http://irail.be/stations/NMBS/008821105","Noorderkempen [NMBS/SNCB]","51.356838","4.632204"
"http://irail.be/stations/NMBS/008833605","Landen [NMBS/SNCB]","50.747927","5.079660"
"http://irail.be/stations/NMBS/008821832","Heist-Op-Den-Berg [NMBS/SNCB]","51.074146","4.708235"
"http://irail.be/stations/NMBS/008863461","Marche-Les-Dames [NMBS/SNCB]","50.480741","4.964580"
"http://irail.be/stations/NMBS/008892908","Ronse [NMBS/SNCB]","50.742506","3.602552"
"http://irail.be/stations/NMBS/008832433","Geel [NMBS/SNCB]","51.168955","4.988608"
"http://irail.be/stations/NMBS/008871381","Godarville [NMBS/SNCB]","50.492795","4.290308"
"http://irail.be/stations/NMBS/008833175","Wijgmaal [NMBS/SNCB]","50.922740","4.701475"
"http://irail.be/stations/NMBS/008841467","Fexhe-Le-Haut-Clocher [NMBS/SNCB]","50.664049","5.398453"
"http://irail.be/stations/NMBS/008841673","Liers [NMBS/SNCB]","50.698181","5.566830"
"http://irail.be/stations/NMBS/008812070","Asse [NMBS/SNCB]","50.906488","4.207985"
"http://irail.be/stations/NMBS/008892288","Aarsele [NMBS/SNCB]","50.984460","3.418363"
"http://irail.be/stations/NMBS/008833233","Wezemaal [NMBS/SNCB]","50.956261","4.747679"
"http://irail.be/stations/NMBS/008893526","Schoonaarde [NMBS/SNCB]","51.003149","4.011094"
"http://irail.be/stations/NMBS/008814126","Ukkel-Stalle [NMBS/SNCB]","50.802411","4.323901"
"http://irail.be/stations/NMBS/008842036","Chenee [NMBS/SNCB]","50.608019","5.616073"
"http://irail.be/stations/NMBS/008863867","Beauraing [NMBS/SNCB]","50.114430","4.956840"
"http://irail.be/stations/NMBS/008895877","Ede [NMBS/SNCB]","50.911054","3.987524"
"http://irail.be/stations/NMBS/008891652","Duinbergen [NMBS/SNCB]","51.338195","3.263587"
"http://irail.be/stations/NMBS/008873122","Philippeville [NMBS/SNCB]","50.191639","4.535956"
"http://irail.be/stations/NMBS/008895737","Zandbergen [NMBS/SNCB]","50.806986","3.957653"
"http://irail.be/stations/NMBS/008891553","Zeebrugge-Dorp [NMBS/SNCB]","51.326383","3.195170"
"http://irail.be/stations/NMBS/008866142","Habay [NMBS/SNCB]","49.718249","5.632685"
"http://irail.be/stations/NMBS/008831781","Bokrijk [NMBS/SNCB]","50.955812","5.408386"
"http://irail.be/stations/NMBS/008885530","Maubray [NMBS/SNCB]","50.547557","3.495527"
"http://irail.be/stations/NMBS/008866662","Messancy [NMBS/SNCB]","49.592777","5.818915"
"http://irail.be/stations/NMBS/008882701","Manage [NMBS/SNCB]","50.506108","4.234683"
"http://irail.be/stations/NMBS/008872009","Charleroi-Zuid [NMBS/SNCB]","50.404710","4.438567"
"http://irail.be/stations/NMBS/008841665","Milmort [NMBS/SNCB]","50.692455","5.600090"
"http://irail.be/stations/NMBS/008892403","Kortemark [NMBS/SNCB]","51.025244","3.043459"
"http://irail.be/stations/NMBS/008822772","Bornem [NMBS/SNCB]","51.099225","4.240526"
"http://irail.be/stations/NMBS/008895729","Idegem [NMBS/SNCB]","50.801871","3.921553"
"http://irail.be/stations/NMBS/008821824","Melkouwen [NMBS/SNCB]","51.094938","4.671532"
"http://irail.be/stations/NMBS/008893518","Oudegem [NMBS/SNCB]","51.015230","4.064472"
"http://irail.be/stations/NMBS/008200134","Clervaux (l)","50.054724","6.031393"
"http://irail.be/stations/NMBS/008861416","Lonzee [NMBS/SNCB]","50.551935","4.720100"
"http://irail.be/stations/NMBS/008863545","Yvoir [NMBS/SNCB]","50.320840","4.878643"
"http://irail.be/stations/NMBS/008200136","Troisvierges (l)","50.121109","6.000281"
"http://irail.be/stations/NMBS/008883113","Zinnik [NMBS/SNCB]","50.572763","4.067519"
"http://irail.be/stations/NMBS/008821238","Mortsel-Oude God [NMBS/SNCB]","51.171256","4.455737"
"http://irail.be/stations/NMBS/008821857","Booischot [NMBS/SNCB]","51.037344","4.773478"
"http://irail.be/stations/NMBS/008864824","Chapois [NMBS/SNCB]","50.262366","5.124255"
"http://irail.be/stations/NMBS/008844545","Dolhain-Gileppe [NMBS/SNCB]","50.616244","5.936494"
"http://irail.be/stations/NMBS/008864923","Floree [NMBS/SNCB]","50.357786","5.056099"
"http://irail.be/stations/NMBS/008841400","Borgworm [NMBS/SNCB]","50.694549","5.249475"
"http://irail.be/stations/NMBS/008844644","Hergenrath [NMBS/SNCB]","50.718209","6.041335"
"http://irail.be/stations/NMBS/008200130","Kautenbach (l)","49.952777","6.020003"
"http://irail.be/stations/NMBS/008861317","Chapelle-Dieu [NMBS/SNCB]","50.557374","4.697627"
"http://irail.be/stations/NMBS/008865300","Bertrix [NMBS/SNCB]","49.852835","5.267193"
"http://irail.be/stations/NMBS/008863446","Sclaigneaux [NMBS/SNCB]","50.492247","5.026363"
"http://irail.be/stations/NMBS/008200132","Wilwerwiltz (l)","49.988887","5.999166"
"http://irail.be/stations/NMBS/008821337","Hove [NMBS/SNCB]","51.154114","4.465157"
"http://irail.be/stations/NMBS/008200133","Drauffelt (l)","50.017778","6.006106"
"http://irail.be/stations/NMBS/008811437","Bosvoorde [NMBS/SNCB]","50.794698","4.408112"
"http://irail.be/stations/NMBS/008861515","Ernage [NMBS/SNCB]","50.590823","4.668538"
"http://irail.be/stations/NMBS/008843406","Statte [NMBS/SNCB]","50.528276","5.219676"
"http://irail.be/stations/NMBS/008874724","Jemeppe-Sur-Sambre [NMBS/SNCB]","50.450950","4.662632"
"http://irail.be/stations/NMBS/008895802","Denderleeuw [NMBS/SNCB]","50.891925","4.071825"
"http://irail.be/stations/NMBS/008893559","Wetteren [NMBS/SNCB]","51.001603","3.881883"
"http://irail.be/stations/NMBS/008822459","Hever [NMBS/SNCB]","50.997791","4.537637"
"http://irail.be/stations/NMBS/008821659","Kessel [NMBS/SNCB]","51.151057","4.618459"
"http://irail.be/stations/NMBS/008892692","Sint-Denijs-Boekel [NMBS/SNCB]","50.874297","3.698395"
"http://irail.be/stations/NMBS/008811536","Rixensart [NMBS/SNCB]","50.711413","4.532855"
"http://irail.be/stations/NMBS/008866845","Florenville [NMBS/SNCB]","49.706967","5.331115"
"http://irail.be/stations/NMBS/008863453","Nameche [NMBS/SNCB]","50.470430","4.997939"
"http://irail.be/stations/NMBS/008864816","Leignon [NMBS/SNCB]","50.267768","5.107778"
"http://irail.be/stations/NMBS/008874609","Tamines [NMBS/SNCB]","50.432235","4.608823"
"http://irail.be/stations/NMBS/008842689","Poulseur [NMBS/SNCB]","50.509209","5.578858"
"http://irail.be/stations/NMBS/008864915","Natoye [NMBS/SNCB]","50.343296","5.061160"
"http://irail.be/stations/NMBS/008841558","Luik-Jonfosse [NMBS/SNCB]","50.640299","5.561131"
"http://irail.be/stations/NMBS/008883006","S Gravenbrakel [NMBS/SNCB]","50.605079","4.137662"
"http://irail.be/stations/NMBS/008721405","Selestat (f)","48.266670","7.449999"
"http://irail.be/stations/NMBS/008881158","Erbisoeul [NMBS/SNCB]","50.507025","3.887987"
"http://irail.be/stations/NMBS/008895711","Schendelbeke [NMBS/SNCB]","50.797844","3.899286"
"http://irail.be/stations/NMBS/008811429","Watermaal [NMBS/SNCB]","50.809170","4.399887"
"http://irail.be/stations/NMBS/008833001","Leuven [NMBS/SNCB]","50.882280","4.715866"
"http://irail.be/stations/NMBS/008893542","Schellebelle [NMBS/SNCB]","51.003149","3.921373"
"http://irail.be/stations/NMBS/008874716","Auvelais [NMBS/SNCB]","50.449197","4.630532"
"http://irail.be/stations/NMBS/008896412","Komen [NMBS/SNCB]","50.772072","2.999286"
"http://irail.be/stations/NMBS/008811528","Genval [NMBS/SNCB]","50.725697","4.514832"
"http://irail.be/stations/NMBS/008861432","Saint-Denis-Bovesse [NMBS/SNCB]","50.521300","4.767788"
"http://irail.be/stations/NMBS/008844008","Verviers-Centraal [NMBS/SNCB]","50.588135","5.854917"
"http://irail.be/stations/NMBS/008821089","Antwerpen-Noorderdokken [NMBS/SNCB]","51.261643","4.427906"
"http://irail.be/stations/NMBS/008895430","Herzele [NMBS/SNCB]","50.897220","3.880616"
"http://irail.be/stations/NMBS/008015345","Aachen Hbf (d)","50.770832","6.105275"
"http://irail.be/stations/NMBS/008863560","Godinne [NMBS/SNCB]","50.348914","4.869960"
"http://irail.be/stations/NMBS/008894433","Belsele [NMBS/SNCB]","51.150994","4.088608"
"http://irail.be/stations/NMBS/008842655","Hony [NMBS/SNCB]","50.539917","5.573563"
"http://irail.be/stations/NMBS/008841525","Luik-Paleis [NMBS/SNCB]","50.646349","5.570453"
"http://irail.be/stations/NMBS/008865565","Carlsbourg [NMBS/SNCB]","49.905458","5.092784"
"http://irail.be/stations/NMBS/008822475","Boortmeerbeek [NMBS/SNCB]","50.981853","4.573900"
"http://irail.be/stations/NMBS/008896305","Menen [NMBS/SNCB]","50.799489","3.113791"
"http://irail.be/stations/NMBS/008893070","Scheldewindeke [NMBS/SNCB]","50.937069","3.777842"
"http://irail.be/stations/NMBS/008866175","Marbehan [NMBS/SNCB]","49.727337","5.539755"
"http://irail.be/stations/NMBS/008881125","Ghlin [NMBS/SNCB]","50.487411","3.906343"
"http://irail.be/stations/NMBS/008833266","Testelt [NMBS/SNCB]","51.009864","4.945829"
"http://irail.be/stations/NMBS/008811411","Etterbeek [NMBS/SNCB]","50.822187","4.389513"
"http://irail.be/stations/NMBS/008833134","Oud-Heverlee [NMBS/SNCB]","50.835931","4.653311"
"http://irail.be/stations/NMBS/008844206","Pepinster [NMBS/SNCB]","50.568179","5.806150"
"http://irail.be/stations/NMBS/008884632","Ville-Pommeroeul [NMBS/SNCB]","50.464542","3.724248"
"http://irail.be/stations/NMBS/008842663","Esneux [NMBS/SNCB]","50.530568","5.572565"
"http://irail.be/stations/NMBS/008821865","Begijnendijk [NMBS/SNCB]","51.021972","4.800338"
"http://irail.be/stations/NMBS/008841434","Bleret [NMBS/SNCB]","50.685065","5.286394"
"http://irail.be/stations/NMBS/008861424","Beuzet [NMBS/SNCB]","50.534208","4.748533"
"http://irail.be/stations/NMBS/008833274","Zichem [NMBS/SNCB]","51.006690","4.987359"
"http://irail.be/stations/NMBS/008883121","Neufvilles [NMBS/SNCB]","50.543602","4.010672"
"http://irail.be/stations/NMBS/008864931","Assesse [NMBS/SNCB]","50.368133","5.022839"
"http://irail.be/stations/NMBS/008895422","Hillegem [NMBS/SNCB]","50.891296","3.857469"
"http://irail.be/stations/NMBS/008893062","Moortsele [NMBS/SNCB]","50.953519","3.781339"
"http://irail.be/stations/NMBS/008821964","Tielen [NMBS/SNCB]","51.241021","4.893089"
"http://irail.be/stations/NMBS/008863438","Chateau-De-Seilles [NMBS/SNCB]","50.497209","5.081745"
"http://irail.be/stations/NMBS/008884640","Harchies [NMBS/SNCB]","50.482565","3.698764"
"http://irail.be/stations/NMBS/008811544","Profondsart [NMBS/SNCB]","50.693758","4.549153"
"http://irail.be/stations/NMBS/008873379","Cour-Sur-Heure [NMBS/SNCB]","50.300138","4.391491"
"http://irail.be/stations/NMBS/008821667","Nijlen [NMBS/SNCB]","51.159840","4.666588"
"http://irail.be/stations/NMBS/008833126","Heverlee [NMBS/SNCB]","50.862530","4.695200"
"http://irail.be/stations/NMBS/008893567","Kwatrecht [NMBS/SNCB]","50.991750","3.829593"
"http://irail.be/stations/NMBS/008822343","Mechelen-Nekkerspoel [NMBS/SNCB]","51.029883","4.489914"
"http://irail.be/stations/NMBS/008895836","Liedekerke [NMBS/SNCB]","50.882531","4.095287"
"http://irail.be/stations/NMBS/008873239","Yves-Gomezee [NMBS/SNCB]","50.237133","4.492709"
"http://irail.be/stations/NMBS/008844503","Welkenraedt [NMBS/SNCB]","50.659707","5.975381"
"http://irail.be/stations/NMBS/008892452","Diksmuide [NMBS/SNCB]","51.032723","2.868943"
"http://irail.be/stations/NMBS/008865128","Bastenaken-Noord [NMBS/SNCB]","50.006919","5.720744"
"http://irail.be/stations/NMBS/008881000","Bergen [NMBS/SNCB]","50.453854","3.942542"
"http://irail.be/stations/NMBS/008811775","Pecrot [NMBS/SNCB]","50.778517","4.651486"
"http://irail.be/stations/NMBS/008893054","Landskouter [NMBS/SNCB]","50.970545","3.791146"
"http://irail.be/stations/NMBS/008892320","Koksijde [NMBS/SNCB]","51.079197","2.652770"
"http://irail.be/stations/NMBS/008728683","Pont De Bois (f)","50.624164","3.127500"
"http://irail.be/stations/NMBS/008822210","Duffel [NMBS/SNCB]","51.091243","4.493186"
"http://irail.be/stations/NMBS/008728686","Ascq (f)","50.616666","3.166666"
"http://irail.be/stations/NMBS/008863404","Andenne [NMBS/SNCB]","50.496759","5.094699"
"http://irail.be/stations/NMBS/008728685","Annappes (f)","50.633333","3.150000"
"http://irail.be/stations/NMBS/008822111","Londerzeel [NMBS/SNCB]","51.009091","4.299073"
"http://irail.be/stations/NMBS/008863503","Dinant [NMBS/SNCB]","50.260721","4.908182"
"http://irail.be/stations/NMBS/008811676","Louvain-La-Neuve-Univ. [NMBS/SNCB]","50.669793","4.615745"
"http://irail.be/stations/NMBS/008894508","Sint-Niklaas [NMBS/SNCB]","51.171472","4.142966"
"http://irail.be/stations/NMBS/008821063","Antwerpen-Luchtbal [NMBS/SNCB]","51.244132","4.425029"
"http://irail.be/stations/NMBS/008844404","Spa [NMBS/SNCB]","50.490305","5.855096"
"http://irail.be/stations/NMBS/008865615","Graide [NMBS/SNCB]","49.934134","5.043047"
"http://irail.be/stations/NMBS/008728687","Baisieux (f)","50.600000","3.249996"
"http://irail.be/stations/NMBS/008884715","Blaton [NMBS/SNCB]","50.505461","3.666304"
"http://irail.be/stations/NMBS/008875002","Mariembourg [NMBS/SNCB]","50.095490","4.525691"
"http://irail.be/stations/NMBS/008865540","Paliseul [NMBS/SNCB]","49.895408","5.118349"
"http://irail.be/stations/NMBS/008200100","Luxembourg (l)","49.599996","6.133331"
"http://irail.be/stations/NMBS/008893443","Sint-Gillis [NMBS/SNCB]","51.021693","4.117832"
"http://irail.be/stations/NMBS/008893708","Eeklo [NMBS/SNCB]","51.181333","3.574515"
"http://irail.be/stations/NMBS/008894425","Sinaai [NMBS/SNCB]","51.143398","4.068940"
"http://irail.be/stations/NMBS/008811767","Florival [NMBS/SNCB]","50.761501","4.653868"
"http://irail.be/stations/NMBS/008872066","Charleroi-West [NMBS/SNCB]","50.410948","4.436653"
"http://irail.be/stations/NMBS/008893047","Gontrode [NMBS/SNCB]","50.980199","3.801672"
"http://irail.be/stations/NMBS/008822228","Sint-Katelijne-Waver [NMBS/SNCB]","51.069975","4.496116"
"http://irail.be/stations/NMBS/008811460","Hoeilaart [NMBS/SNCB]","50.760161","4.467414"
"http://irail.be/stations/NMBS/008400424","Maastricht (nl)","50.850000","5.683331"
"http://irail.be/stations/NMBS/008866605","Athus [NMBS/SNCB]","49.563346","5.828947"
"http://irail.be/stations/NMBS/008821071","Ekeren [NMBS/SNCB]","51.281626","4.434154"
"http://irail.be/stations/NMBS/008400426","Maastricht Randwyck","50.838502","5.716707"
"http://irail.be/stations/NMBS/008822426","Muizen [NMBS/SNCB]","51.008201","4.513843"
"http://irail.be/stations/NMBS/008844255","Fraipont [NMBS/SNCB]","50.565059","5.723665"
"http://irail.be/stations/NMBS/008821600","Lier [NMBS/SNCB]","51.135758","4.560614"
"http://irail.be/stations/NMBS/008400526","Roosendaal (nl)","51.533333","4.466667"
"http://irail.be/stations/NMBS/008873312","Pry [NMBS/SNCB]","50.269278","4.428805"
"http://irail.be/stations/NMBS/008841319","Bierset-Awans [NMBS/SNCB]","50.658610","5.460551"
"http://irail.be/stations/NMBS/008893583","Serskamp [NMBS/SNCB]","50.984397","3.959361"
"http://irail.be/stations/NMBS/008861549","Mont-Saint-Guibert [NMBS/SNCB]","50.637611","4.613884"
"http://irail.be/stations/NMBS/008865227","Poix-Saint-Hubert [NMBS/SNCB]","50.019504","5.292641"
"http://irail.be/stations/NMBS/008200110","Mersch (l)","49.748893","6.106111"
"http://irail.be/stations/NMBS/008865003","Libramont [NMBS/SNCB]","49.920434","5.379270"
"http://irail.be/stations/NMBS/008892304","Veurne [NMBS/SNCB]","51.073867","2.669940"
"http://irail.be/stations/NMBS/008866001","Aarlen [NMBS/SNCB]","49.680530","5.809971"
"http://irail.be/stations/NMBS/008893179","Gentbrugge [NMBS/SNCB]","51.038647","3.756322"
"http://irail.be/stations/NMBS/008893815","Waarschoot [NMBS/SNCB]","51.154608","3.615353"
"http://irail.be/stations/NMBS/008821048","Antwerpen-Haven [NMBS/SNCB]","51.289968","4.379086"
"http://irail.be/stations/NMBS/008892205","Lichtervelde [NMBS/SNCB]","51.025163","3.127212"
"http://irail.be/stations/NMBS/008844628","Eupen [NMBS/SNCB]","50.635157","6.037110"
"http://irail.be/stations/NMBS/008893039","Melle [NMBS/SNCB]","51.002807","3.797088"
"http://irail.be/stations/NMBS/008873320","Berzee [NMBS/SNCB]","50.285603","4.405909"
"http://irail.be/stations/NMBS/008821634","Boechout [NMBS/SNCB]","51.163480","4.494489"
"http://irail.be/stations/NMBS/008400530","Rotterdam Cs (nl)","51.916668","4.500000"
"http://irail.be/stations/NMBS/008844420","Spa-Geronstere [NMBS/SNCB]","50.489307","5.866207"
"http://irail.be/stations/NMBS/008862018","Stockem [NMBS/SNCB]","49.690939","5.769115"
"http://irail.be/stations/NMBS/008875127","Couvin [NMBS/SNCB]","50.056324","4.491702"
"http://irail.be/stations/NMBS/008883238","Familleureux [NMBS/SNCB]","50.519358","4.211581"
"http://irail.be/stations/NMBS/008861531","Blanmont [NMBS/SNCB]","50.619453","4.636393"
"http://irail.be/stations/NMBS/008821451","Kijkuit [NMBS/SNCB]","51.378664","4.467315"
"http://irail.be/stations/NMBS/008844230","Nessonvaux [NMBS/SNCB]","50.572089","5.741581"
"http://irail.be/stations/NMBS/008815040","Brussel-West [NMBS/SNCB]","50.848552","4.321042"
"http://irail.be/stations/NMBS/008821246","Mortsel-Liersesteenweg [NMBS/SNCB]","51.169027","4.468843"
"http://irail.be/stations/NMBS/008200120","Ettelbruck (l)","49.847496","6.104169"
"http://irail.be/stations/NMBS/008831310","Tongeren [NMBS/SNCB]","50.784405","5.473280"
"http://irail.be/stations/NMBS/008883022","Hennuyeres [NMBS/SNCB]","50.651005","4.175893"
"http://irail.be/stations/NMBS/008884541","Quaregnon [NMBS/SNCB]","50.449827","3.856543"
"http://irail.be/stations/NMBS/008811445","Groenendaal [NMBS/SNCB]","50.766103","4.449489"
"http://irail.be/stations/NMBS/008884004","Saint-Ghislain [NMBS/SNCB]","50.442860","3.820253"
"http://irail.be/stations/NMBS/008831112","Diepenbeek [NMBS/SNCB]","50.910452","5.419947"
"http://irail.be/stations/NMBS/008883220","Marche-Lez-Ecaussinnes [NMBS/SNCB]","50.546173","4.177098"
"http://irail.be/stations/NMBS/008821444","Kalmthout [NMBS/SNCB]","51.391177","4.466820"
"http://irail.be/stations/NMBS/008894201","Lokeren [NMBS/SNCB]","51.108062","3.987794"
"http://irail.be/stations/NMBS/008843430","Bas-Oha [NMBS/SNCB]","50.522630","5.190937"
"http://irail.be/stations/NMBS/008821725","Bouwel [NMBS/SNCB]","51.165764","4.746511"
"http://irail.be/stations/NMBS/008861523","Chastre [NMBS/SNCB]","50.608819","4.648888"
"http://irail.be/stations/NMBS/008821196","Antwerpen-Zuid [NMBS/SNCB]","51.197828","4.390259"
"http://irail.be/stations/NMBS/008811205","Delta [NMBS/SNCB]","50.818357","4.403869"
"http://irail.be/stations/NMBS/008844339","Theux [NMBS/SNCB]","50.536159","5.815031"
"http://irail.be/stations/NMBS/008831138","Bilzen [NMBS/SNCB]","50.868643","5.509380"
"http://irail.be/stations/NMBS/008200518","Capellen (l)","49.644996","5.990833"
"http://irail.be/stations/NMBS/008831039","Alken [NMBS/SNCB]","50.886837","5.292866"
"http://irail.be/stations/NMBS/008200516","Mamer (l)","49.627502","6.023330"
"http://irail.be/stations/NMBS/008896230","Vichte [NMBS/SNCB]","50.833657","3.391630"
"http://irail.be/stations/NMBS/008811726","Waver [NMBS/SNCB]","50.716267","4.604778"
"http://irail.be/stations/NMBS/008896735","Poperinge [NMBS/SNCB]","50.854449","2.736343"
"http://irail.be/stations/NMBS/008845005","Gouvy [NMBS/SNCB]","50.189409","5.953906"
"http://irail.be/stations/NMBS/008200520","Kleinbettingen (l)","49.646389","5.916385"
"http://irail.be/stations/NMBS/008881570","Frameries [NMBS/SNCB]","50.405932","3.906586"
"http://irail.be/stations/NMBS/008871647","Erquelinnes-Village [NMBS/SNCB]","50.310179","4.132314"
"http://irail.be/stations/NMBS/008822004","Mechelen [NMBS/SNCB]","51.017648","4.482785"
"http://irail.be/stations/NMBS/008882206","La Louviere-Zuid [NMBS/SNCB]","50.464974","4.190609"
"http://irail.be/stations/NMBS/008874054","Couillet [NMBS/SNCB]","50.392718","4.468510"
"http://irail.be/stations/NMBS/008845146","Vielsalm [NMBS/SNCB]","50.278933","5.909211"
"http://irail.be/stations/NMBS/008893120","Gent-Dampoort [NMBS/SNCB]","51.056365","3.740591"
"http://irail.be/stations/NMBS/008811213","Diegem [NMBS/SNCB]","50.890478","4.442774"
"http://irail.be/stations/NMBS/008821535","Kapellen [NMBS/SNCB]","51.313528","4.432661"
"http://irail.be/stations/NMBS/008894235","Zele [NMBS/SNCB]","51.073256","4.041999"
"http://irail.be/stations/NMBS/008844347","Franchimont [NMBS/SNCB]","50.525723","5.822223"
"http://irail.be/stations/NMBS/008883436","Opzullik [NMBS/SNCB]","50.662386","3.935863"
"http://irail.be/stations/NMBS/008874583","Aiseau [NMBS/SNCB]","50.429529","4.584552"
"http://irail.be/stations/NMBS/008821436","Wildert [NMBS/SNCB]","51.428087","4.463350"
"http://irail.be/stations/NMBS/008831807","Sint-Truiden [NMBS/SNCB]","50.817620","5.176654"
"http://irail.be/stations/NMBS/008811734","Basse-Wavre [NMBS/SNCB]","50.724420","4.621651"
"http://irail.be/stations/NMBS/008200510","Bertrange Strassen (l)","49.611106","6.050000"
"http://irail.be/stations/NMBS/008884335","Quievrain [NMBS/SNCB]","50.410103","3.686080"
"http://irail.be/stations/NMBS/008894672","Temse [NMBS/SNCB]","51.126085","4.221352"
"http://irail.be/stations/NMBS/008861168","Ham-Sur-Sambre [NMBS/SNCB]","50.452550","4.669392"
"http://irail.be/stations/NMBS/008846201","Wezet [NMBS/SNCB]","50.737760","5.692544"
"http://irail.be/stations/NMBS/008845203","Trois-Ponts [NMBS/SNCB]","50.368214","5.873578"
"http://irail.be/stations/NMBS/008881562","Genly [NMBS/SNCB]","50.390642","3.911638"
"http://irail.be/stations/NMBS/008811635","Limal [NMBS/SNCB]","50.692140","4.575302"
"http://irail.be/stations/NMBS/008811221","Zaventem [NMBS/SNCB]","50.885723","4.469886"
"http://irail.be/stations/NMBS/008821402","Essen [NMBS/SNCB]","51.462767","4.451314"
"http://irail.be/stations/NMBS/008874559","Le Campinaire [NMBS/SNCB]","50.428936","4.552586"
"http://irail.be/stations/NMBS/008821543","Sint-Mariaburg [NMBS/SNCB]","51.291658","4.434900"
"http://irail.be/stations/NMBS/008864956","Sart-Bernard [NMBS/SNCB]","50.406373","4.949739"
"http://irail.be/stations/NMBS/008844313","Pepinster-Cite [NMBS/SNCB]","50.563405","5.804397"
"http://irail.be/stations/NMBS/008896115","Harelbeke [NMBS/SNCB]","50.855860","3.314008"
"http://irail.be/stations/NMBS/008861440","Rhisnes [NMBS/SNCB]","50.499348","4.801866"
"http://irail.be/stations/NMBS/008864949","Courriere [NMBS/SNCB]","50.387442","4.996051"
"http://irail.be/stations/NMBS/008865110","Bastenaken-Zuid [NMBS/SNCB]","49.999737","5.709858"
"http://irail.be/stations/NMBS/008811601","Ottignies [NMBS/SNCB]","50.673667","4.569360"
"http://irail.be/stations/NMBS/008863115","Jambes [NMBS/SNCB]","50.454843","4.876144"
"http://irail.be/stations/NMBS/008871662","Solre-Sur-Sambre [NMBS/SNCB]","50.312642","4.158427"
"http://irail.be/stations/NMBS/008884327","Hainin [NMBS/SNCB]","50.428019","3.766893"
"http://irail.be/stations/NMBS/008891173","Zeebrugge-Strand [NMBS/SNCB]","51.324549","3.186666"
"http://irail.be/stations/NMBS/008811742","Gastuche [NMBS/SNCB]","50.736646","4.649598"
"http://irail.be/stations/NMBS/008400058","Amsterdam Cs (nl)","52.350002","4.916667"
"http://irail.be/stations/NMBS/008895240","Balegem-Zuid [NMBS/SNCB]","50.900510","3.805870"
"http://irail.be/stations/NMBS/008874567","Farciennes [NMBS/SNCB]","50.435246","4.564138"
"http://irail.be/stations/NMBS/008831005","Hasselt [NMBS/SNCB]","50.930822","5.327627"
"http://irail.be/stations/NMBS/008883311","Edingen [NMBS/SNCB]","50.697273","4.047357"
"http://irail.be/stations/NMBS/008844321","Juslenville [NMBS/SNCB]","50.544717","5.809935"
"http://irail.be/stations/NMBS/008864964","Naninne [NMBS/SNCB]","50.419695","4.929756"
"http://irail.be/stations/NMBS/008728606","Hellemmes (f)","50.626941","3.108892"
"http://irail.be/stations/NMBS/008845229","Coo [NMBS/SNCB]","50.391127","5.880473"
"http://irail.be/stations/NMBS/008895257","Balegem-Dorp [NMBS/SNCB]","50.919612","3.791425"
"http://irail.be/stations/NMBS/008893252","Evergem [NMBS/SNCB]","51.107585","3.701380"
"http://irail.be/stations/NMBS/008811759","Eerken [NMBS/SNCB]","50.754345","4.662444"
"http://irail.be/stations/NMBS/008884319","Boussu [NMBS/SNCB]","50.436388","3.797025"
"http://irail.be/stations/NMBS/008891165","Hansbeke [NMBS/SNCB]","51.073202","3.536212"
"http://irail.be/stations/NMBS/008728600","Lille Flandres(f)","50.633333","3.066669"
"http://irail.be/stations/NMBS/008871670","Labuissiere [NMBS/SNCB]","50.316328","4.186833"
"http://irail.be/stations/NMBS/008863008","Namen [NMBS/SNCB]","50.468794","4.862220"
"http://irail.be/stations/NMBS/008863834","Gendron-Celles [NMBS/SNCB]","50.211235","4.964607"
"http://irail.be/stations/NMBS/008728671","Croix Wasquehal (f)","50.666665","3.150000"
"http://irail.be/stations/NMBS/008811304","Brussel-Luxemburg [NMBS/SNCB]","50.838943","4.373674"
"http://irail.be/stations/NMBS/008728673","Roubaix (f)","50.699997","3.166666"
"http://irail.be/stations/NMBS/008895125","Aalst Kerrebroek [NMBS/SNCB]","50.948377","4.024407"
"http://irail.be/stations/NMBS/008881174","Masnuy-Saint-Pierre [NMBS/SNCB]","50.536546","3.962139"
"http://irail.be/stations/NMBS/008864832","Haversin [NMBS/SNCB]","50.249044","5.194371"
"http://irail.be/stations/NMBS/008893260","Sleidinge [NMBS/SNCB]","51.126607","3.667526"
"http://irail.be/stations/NMBS/008896800","Roeselare [NMBS/SNCB]","50.949025","3.130412"
"http://irail.be/stations/NMBS/008891157","Bellem [NMBS/SNCB]","51.083908","3.487374"
"http://irail.be/stations/NMBS/008882248","Carnieres [NMBS/SNCB]","50.447957","4.263826"
"http://irail.be/stations/NMBS/008718213","St Louis Haut Rhin (f)","47.590700","7.555316"
"http://irail.be/stations/NMBS/008811106","Evere [NMBS/SNCB]","50.867780","4.400965"
"http://irail.be/stations/NMBS/008871688","Fontaine-Valmont [NMBS/SNCB]","50.321164","4.212785"
"http://irail.be/stations/NMBS/008718206","Mulhouse (f)","47.749998","7.333336"
"http://irail.be/stations/NMBS/008881166","Jurbeke [NMBS/SNCB]","50.530496","3.910694"
"http://irail.be/stations/NMBS/008896503","Ieper [NMBS/SNCB]","50.847402","2.876593"
"http://irail.be/stations/NMBS/008881463","Bracquegnies [NMBS/SNCB]","50.474457","4.126345"
"http://irail.be/stations/NMBS/008863362","Dave-Saint-Martin [NMBS/SNCB]","50.429098","4.884414"
"http://irail.be/stations/NMBS/008864410","Marche-En-Famenne [NMBS/SNCB]","50.222472","5.346289"
"http://irail.be/stations/NMBS/008882339","Leval [NMBS/SNCB]","50.430797","4.211041"
"http://irail.be/stations/NMBS/008895232","Munkzwalm [NMBS/SNCB]","50.875673","3.733238"
"http://irail.be/stations/NMBS/008896008","Kortrijk [NMBS/SNCB]","50.824506","3.264549"
"http://irail.be/stations/NMBS/008400280","Den Haag Hs (nl)","52.083329","4.299999"
"http://irail.be/stations/NMBS/008891140","Aalter [NMBS/SNCB]","51.092295","3.447848"
"http://irail.be/stations/NMBS/008882230","Morlanwelz [NMBS/SNCB]","50.457998","4.247367"
"http://irail.be/stations/NMBS/008719203","Metz (f)","49.133330","6.166663"
"http://irail.be/stations/NMBS/008861333","Mazy [NMBS/SNCB]","50.513497","4.675829"
"http://irail.be/stations/NMBS/008400180","Dordrecht (nl)","51.799998","4.666668"
"http://irail.be/stations/NMBS/008718201","Colmar (f)","48.083335","7.366668"
"http://irail.be/stations/NMBS/008863818","Anseremme [NMBS/SNCB]","50.238023","4.905530"
"http://irail.be/stations/NMBS/008881455","Thieu [NMBS/SNCB]","50.469540","4.098523"
"http://irail.be/stations/NMBS/008884566","Jemappes [NMBS/SNCB]","50.452577","3.885587"
"http://irail.be/stations/NMBS/008863354","Jambes-Est [NMBS/SNCB]","50.454798","4.880261"
"http://irail.be/stations/NMBS/008895000","Aalst [NMBS/SNCB]","50.942813","4.039653"
"http://irail.be/stations/NMBS/008883808","Tubeke [NMBS/SNCB]","50.691708","4.205729"
"http://irail.be/stations/NMBS/008864501","Ciney [NMBS/SNCB]","50.291050","5.091409"
"http://irail.be/stations/NMBS/008811916","Brussel-Schuman [NMBS/SNCB]","50.843276","4.380722"
"http://irail.be/stations/NMBS/008886587","Rebaix [NMBS/SNCB]","50.661235","3.793627"
"http://irail.be/stations/NMBS/008881190","Lens [NMBS/SNCB]","50.559342","3.903224"
"http://irail.be/stations/NMBS/008863156","Lustin [NMBS/SNCB]","50.391559","4.877241"
"http://irail.be/stations/NMBS/008400561","Schiphol (nl)","52.299996","4.749999"
"http://irail.be/stations/NMBS/008896925","Ingelmunster [NMBS/SNCB]","50.914326","3.255416"
"http://irail.be/stations/NMBS/008861200","Gembloux [NMBS/SNCB]","50.570489","4.691497"
"http://irail.be/stations/NMBS/008728654","Tourcoing (f)","50.716663","3.150000"
"http://irail.be/stations/NMBS/008882362","Binche [NMBS/SNCB]","50.408764","4.172451"
"http://irail.be/stations/NMBS/008891132","Maria-Aalter [NMBS/SNCB]","51.107612","3.386730"
"http://irail.be/stations/NMBS/008895208","Zottegem [NMBS/SNCB]","50.869102","3.814410"
"http://irail.be/stations/NMBS/008894748","Beveren [NMBS/SNCB]","51.208336","4.259520"
"http://irail.be/stations/NMBS/008894151","Beervelde [NMBS/SNCB]","51.087530","3.879384"
"http://irail.be/stations/NMBS/008863842","Houyet [NMBS/SNCB]","50.189868","5.006074"
"http://irail.be/stations/NMBS/008811510","Terhulpen [NMBS/SNCB]","50.737958","4.497060"
"http://irail.be/stations/NMBS/008893013","Merelbeke [NMBS/SNCB]","51.017531","3.768889"
"http://irail.be/stations/NMBS/008821519","Heide [NMBS/SNCB]","51.364623","4.460483"
"http://irail.be/stations/NMBS/008896909","Izegem [NMBS/SNCB]","50.921149","3.212088"
"http://irail.be/stations/NMBS/008893211","Wondelgem [NMBS/SNCB]","51.088357","3.719071"
"http://irail.be/stations/NMBS/008884350","Thulin [NMBS/SNCB]","50.423335","3.744708"
"http://irail.be/stations/NMBS/008891264","Zedelgem [NMBS/SNCB]","51.127047","3.164140"
"http://irail.be/stations/NMBS/008864006","Jemelle [NMBS/SNCB]","50.160401","5.266698"
"http://irail.be/stations/NMBS/008883212","Ecaussinnes [NMBS/SNCB]","50.562390","4.156639"
"http://irail.be/stations/NMBS/008821311","Kontich [NMBS/SNCB]","51.134023","4.476358"
"http://irail.be/stations/NMBS/008811718","Bierges-Walibi [NMBS/SNCB]","50.707772","4.594746"
"http://irail.be/stations/NMBS/008891124","Beernem [NMBS/SNCB]","51.128009","3.329892"
"http://irail.be/stations/NMBS/008894755","Melsele [NMBS/SNCB]","51.210710","4.286766"
"http://irail.be/stations/NMBS/008874005","Chatelet [NMBS/SNCB]","50.410103","4.521861"
"http://irail.be/stations/NMBS/008814423","Beersel [NMBS/SNCB]","50.766616","4.302605"
"http://irail.be/stations/NMBS/008871837","Landelies [NMBS/SNCB]","50.377311","4.350976"
"http://irail.be/stations/NMBS/008891629","Lissewege [NMBS/SNCB]","51.294714","3.194505"
"http://irail.be/stations/NMBS/008891116","Oostkamp [NMBS/SNCB]","51.154114","3.257466"
"http://irail.be/stations/NMBS/008811148","Buda [NMBS/SNCB]","50.907495","4.417074"
"http://irail.be/stations/NMBS/008895471","Erpe-Mere [NMBS/SNCB]","50.928601","3.962463"
"http://irail.be/stations/NMBS/008886561","Papegem [NMBS/SNCB]","50.686585","3.823408"
"http://irail.be/stations/NMBS/008872587","La Roche (brabant) [NMBS/SNCB]","50.610338","4.539157"
"http://irail.be/stations/NMBS/008895570","Lierde [NMBS/SNCB]","50.816236","3.826564"
"http://irail.be/stations/NMBS/008811007","Schaarbeek [NMBS/SNCB]","50.878513","4.378636"
"http://irail.be/stations/NMBS/008813037","Brussel-Kapellekerk [NMBS/SNCB]","50.841127","4.347866"
"http://irail.be/stations/NMBS/008812005","Brussel-Noord [NMBS/SNCB]","50.859663","4.360846"
"http://irail.be/stations/NMBS/008891405","Blankenberge [NMBS/SNCB]","51.312432","3.133864"
"http://irail.be/stations/NMBS/008895067","Lede [NMBS/SNCB]","50.970895","3.984981"
"http://irail.be/stations/NMBS/008811288","Herent [NMBS/SNCB]","50.903530","4.672188"
"http://irail.be/stations/NMBS/008864469","Bomal [NMBS/SNCB]","50.376798","5.519304"
"http://irail.be/stations/NMBS/008891314","Torhout [NMBS/SNCB]","51.064707","3.105871"
"http://irail.be/stations/NMBS/008812146","Opwijk [NMBS/SNCB]","50.974779","4.187319"
"http://irail.be/stations/NMBS/008500010","Basel (ch)","47.547408","7.590716"
"http://irail.be/stations/NMBS/008881430","Havre [NMBS/SNCB]","50.470754","4.059987"
"http://irail.be/stations/NMBS/008895463","Bambrugge [NMBS/SNCB]","50.913769","3.935711"
"http://irail.be/stations/NMBS/008811155","Haren [NMBS/SNCB]","50.888878","4.419978"
"http://irail.be/stations/NMBS/008882107","La Louviere- Centrum [NMBS/SNCB]","50.478161","4.179858"
"http://irail.be/stations/NMBS/008811825","Court-Saint-Etienne [NMBS/SNCB]","50.645567","4.565819"
"http://irail.be/stations/NMBS/008814415","Huizingen [NMBS/SNCB]","50.751900","4.266487"
"http://irail.be/stations/NMBS/008719100","Thionville (f)","49.366663","6.166663"
"http://irail.be/stations/NMBS/008832458","Olen [NMBS/SNCB]","51.174034","4.902500"
"http://irail.be/stations/NMBS/008886553","Houraing [NMBS/SNCB]","50.703062","3.835175"
"http://irail.be/stations/NMBS/008872579","Villers-La-Ville [NMBS/SNCB]","50.578103","4.533349"
"http://irail.be/stations/NMBS/008864451","Barvaux [NMBS/SNCB]","50.349417","5.501542"
"http://irail.be/stations/NMBS/008864311","Forrieres [NMBS/SNCB]","50.132759","5.276784"
"http://irail.be/stations/NMBS/008871852","Marchienne-Zone [NMBS/SNCB]","50.397465","4.388767"
"http://irail.be/stations/NMBS/008891009","Brugge [NMBS/SNCB]","51.197226","3.216726"
"http://irail.be/stations/NMBS/008871332","Obaix-Buzet [NMBS/SNCB]","50.535206","4.363570"
"http://irail.be/stations/NMBS/008812161","Lebbeke [NMBS/SNCB]","51.005009","4.134372"
"http://irail.be/stations/NMBS/008881406","Obourg [NMBS/SNCB]","50.469873","4.007804"
"http://irail.be/stations/NMBS/008814308","Halle [NMBS/SNCB]","50.733931","4.240634"
"http://irail.be/stations/NMBS/008886546","Acren [NMBS/SNCB]","50.733095","3.847086"
"http://irail.be/stations/NMBS/008811817","Ceroux-Mousty [NMBS/SNCB]","50.659941","4.569046"
"http://irail.be/stations/NMBS/008861119","Ronet [NMBS/SNCB]","50.457737","4.828420"
"http://irail.be/stations/NMBS/008895455","Burst [NMBS/SNCB]","50.907198","3.922416"
"http://irail.be/stations/NMBS/008812260","Essene Lombeek [NMBS/SNCB]","50.882451","4.115171"
"http://irail.be/stations/NMBS/008894821","Zwijndrecht [NMBS/SNCB]","51.214108","4.329780"
"http://irail.be/stations/NMBS/008881315","Nimy [NMBS/SNCB]","50.471644","3.956089"
"http://irail.be/stations/NMBS/008728710","Lezennes (f)","50.616666","3.116667"
"http://irail.be/stations/NMBS/008721202","Strasbourg (f)","48.585437","7.733905"
"http://irail.be/stations/NMBS/008891702","Oostende [NMBS/SNCB]","51.228212","2.925809"
"http://irail.be/stations/NMBS/008881505","Quevy [NMBS/SNCB]","50.341534","3.909489"
"http://irail.be/stations/NMBS/008814209","Nijvel [NMBS/SNCB]","50.599641","4.335065"
"http://irail.be/stations/NMBS/008864345","Marloie [NMBS/SNCB]","50.202821","5.313892"
"http://irail.be/stations/NMBS/008891611","Zwankendamme [NMBS/SNCB]","51.306409","3.191557"
"http://irail.be/stations/NMBS/008891033","Brugge-Sint-Pieters [NMBS/SNCB]","51.223115","3.201795"
"http://irail.be/stations/NMBS/008894714","Nieuwkerken-Waas [NMBS/SNCB]","51.185612","4.185907"
"http://irail.be/stations/NMBS/008843901","Bressoux [NMBS/SNCB]","50.643967","5.611057"
"http://irail.be/stations/NMBS/008812153","Heizijde [NMBS/SNCB]","50.989593","4.156171"
"http://irail.be/stations/NMBS/008832334","Zonhoven [NMBS/SNCB]","50.989557","5.348815"
"http://irail.be/stations/NMBS/008812252","Ternat [NMBS/SNCB]","50.874522","4.165340"
"http://irail.be/stations/NMBS/008843133","Sclessin [NMBS/SNCB]","50.609844","5.558911"
"http://irail.be/stations/NMBS/008886348","Leuze [NMBS/SNCB]","50.600612","3.616872"
"http://irail.be/stations/NMBS/008895448","Terhagen [NMBS/SNCB]","50.901643","3.896653"
"http://irail.be/stations/NMBS/008864337","Grupont [NMBS/SNCB]","50.090600","5.280524"
"http://irail.be/stations/NMBS/008822608","Willebroek [NMBS/SNCB]","51.066343","4.356019"
"http://irail.be/stations/NMBS/008886009","Aat [NMBS/SNCB]","50.626932","3.777429"
"http://irail.be/stations/NMBS/008831088","Schulen [NMBS/SNCB]","50.963758","5.187405"
"http://irail.be/stations/NMBS/008813045","Brussel-Congres [NMBS/SNCB]","50.852067","4.362051"
"http://irail.be/stations/NMBS/008811130","Haren-Zuid [NMBS/SNCB]","50.889696","4.415357"
"http://irail.be/stations/NMBS/008822053","Kapelle-Op-Den-Bos [NMBS/SNCB]","51.010843","4.359121"
"http://irail.be/stations/NMBS/008841004","Luik-Guillemins [NMBS/SNCB]","50.624550","5.566695"
"http://irail.be/stations/NMBS/008864436","Melreux-Hotton [NMBS/SNCB]","50.283670","5.440136"
"http://irail.be/stations/NMBS/008842002","Angleur [NMBS/SNCB]","50.613152","5.599695"
"http://irail.be/stations/NMBS/008861135","Floreffe [NMBS/SNCB]","50.443328","4.762368"
"http://irail.be/stations/NMBS/008822814","Boom [NMBS/SNCB]","51.090713","4.360694"
"http://irail.be/stations/NMBS/008812047","Jette [NMBS/SNCB]","50.880833","4.326220"
"http://irail.be/stations/NMBS/008871415","Pieton [NMBS/SNCB]","50.434959","4.288438"
"http://irail.be/stations/NMBS/008811189","Vilvoorde [NMBS/SNCB]","50.924583","4.432823"
"http://irail.be/stations/NMBS/008843240","Engis [NMBS/SNCB]","50.582957","5.401986"
"http://irail.be/stations/NMBS/008822715","Puurs [NMBS/SNCB]","51.077220","4.282703"
"http://irail.be/stations/NMBS/008843349","Haute-Flone [NMBS/SNCB]","50.553490","5.330333"
"http://irail.be/stations/NMBS/008833670","Neerwinden [NMBS/SNCB]","50.763964","5.036323"
"http://irail.be/stations/NMBS/008822517","Haacht [NMBS/SNCB]","50.966428","4.613309"
"http://irail.be/stations/NMBS/008871308","Luttre [NMBS/SNCB]","50.505856","4.384120"
"http://irail.be/stations/NMBS/008814464","Diesdelle [NMBS/SNCB]","50.796145","4.374052"
"http://irail.be/stations/NMBS/008812245","Sint-Martens-Bodegem [NMBS/SNCB]","50.867160","4.205081"
"http://irail.be/stations/NMBS/008811247","Nossegem [NMBS/SNCB]","50.883314","4.506112"
"http://irail.be/stations/NMBS/008721222","Saverne (f)","48.744798","7.362255"
"http://irail.be/stations/NMBS/008872306","Lodelinsart [NMBS/SNCB]","50.432451","4.462946"
"http://irail.be/stations/NMBS/008819406","Brussel-Nat-Luchthaven [NMBS/SNCB]","50.896456","4.482075"
"http://irail.be/stations/NMBS/008871217","Roux [NMBS/SNCB]","50.443112","4.393199"
"http://irail.be/stations/NMBS/008843141","Pont-De-Seraing [NMBS/SNCB]","50.619651","5.510162"
"http://irail.be/stations/NMBS/008871514","Forchies [NMBS/SNCB]","50.433314","4.325384"
"http://irail.be/stations/NMBS/008861127","Flawinne [NMBS/SNCB]","50.456236","4.806298"
"http://irail.be/stations/NMBS/008843158","Jemeppe-Sur-Meuse [NMBS/SNCB]","50.618446","5.497874"
"http://irail.be/stations/NMBS/008814456","Boondaal [NMBS/SNCB]","50.801665","4.393387"
"http://irail.be/stations/NMBS/008892080","De Pinte [NMBS/SNCB]","50.997063","3.650465"
"http://irail.be/stations/NMBS/008896149","Waregem [NMBS/SNCB]","50.892456","3.425510"
"http://irail.be/stations/NMBS/008871605","Erquelinnes [NMBS/SNCB]","50.304192","4.113562"
"http://irail.be/stations/NMBS/008811197","Merode [NMBS/SNCB]","50.839284","4.398934"
"http://irail.be/stations/NMBS/008822525","Wespelaar-Tildonk [NMBS/SNCB]","50.958544","4.638011"
"http://irail.be/stations/NMBS/008871811","Thuin [NMBS/SNCB]","50.342738","4.288906"
"http://irail.be/stations/NMBS/008864352","Aye [NMBS/SNCB]","50.224135","5.301091"
"http://irail.be/stations/NMBS/008871100","Marchienne-Au-Pont [NMBS/SNCB]","50.412171","4.394223"
"http://irail.be/stations/NMBS/008871712","Lobbes [NMBS/SNCB]","50.346469","4.260958"
"http://irail.be/stations/NMBS/008812237","Dilbeek [NMBS/SNCB]","50.866728","4.243393"
"http://irail.be/stations/NMBS/008811254","Kortenberg [NMBS/SNCB]","50.893067","4.543301"
"http://irail.be/stations/NMBS/008811262","Erps-Kwerps [NMBS/SNCB]","50.896510","4.585001"
"http://irail.be/stations/NMBS/008843166","Flemalle-Grande [NMBS/SNCB]","50.605349","5.480983"
"http://irail.be/stations/NMBS/008814449","Sint-Job [NMBS/SNCB]","50.794410","4.362761"
"http://irail.be/stations/NMBS/008824158","Hoboken-Polder [NMBS/SNCB]","51.182699","4.347785"
"http://irail.be/stations/NMBS/008861150","Moustier [NMBS/SNCB]","50.452748","4.693807"
"http://irail.be/stations/NMBS/008886504","Lessen [NMBS/SNCB]","50.712015","3.836434"
"http://irail.be/stations/NMBS/008812120","Merchtem [NMBS/SNCB]","50.954958","4.222718"
"http://irail.be/stations/NMBS/008400219","Eijsden","50.772135","5.709786"
"http://irail.be/stations/NMBS/008811163","Bordet [NMBS/SNCB]","50.877785","4.410026"
"http://irail.be/stations/NMBS/008843224","Leman [NMBS/SNCB]","50.600396","5.468309"
"http://irail.be/stations/NMBS/008812229","Groot-Bijgaarden [NMBS/SNCB]","50.868337","4.273543"
"http://irail.be/stations/NMBS/008812021","Bockstael [NMBS/SNCB]","50.879430","4.348513"
"http://irail.be/stations/NMBS/008866407","Virton [NMBS/SNCB]","49.560821","5.519125"
"http://irail.be/stations/NMBS/008892601","Oudenaarde [NMBS/SNCB]","50.850116","3.600386"
"http://irail.be/stations/NMBS/008814340","Buizingen [NMBS/SNCB]","50.751577","4.258558"
"http://irail.be/stations/NMBS/008892056","Landegem [NMBS/SNCB]","51.064311","3.576852"
"http://irail.be/stations/NMBS/008822848","Ruisbroek-Sauvegarde [NMBS/SNCB]","51.081022","4.324998"
"http://irail.be/stations/NMBS/008895489","Vijfhuizen [NMBS/SNCB]","50.943254","3.981250"
"http://irail.be/stations/NMBS/008811270","Veltem [NMBS/SNCB]","50.900519","4.633516"
"http://irail.be/stations/NMBS/008812013","Simonis [NMBS/SNCB]","50.863645","4.328980"
"http://irail.be/stations/NMBS/008895091","Erembodegem [NMBS/SNCB]","50.919621","4.055447"
"http://irail.be/stations/NMBS/008832375","Kiewit [NMBS/SNCB]","50.954841","5.350226"
"http://irail.be/stations/NMBS/008861143","Franiere [NMBS/SNCB]","50.439543","4.733548"
"http://irail.be/stations/NMBS/008871829","Hourpes [NMBS/SNCB]","50.363692","4.308736"
"http://irail.be/stations/NMBS/008886041","Maffle [NMBS/SNCB]","50.614356","3.800117"
"http://irail.be/stations/NMBS/008812112","Mollem [NMBS/SNCB]","50.933473","4.216965"
"http://irail.be/stations/NMBS/008814431","Moensberg [NMBS/SNCB]","50.778320","4.330733"
"http://irail.be/stations/NMBS/008811171","Meiser [NMBS/SNCB]","50.854072","4.394421"
"http://irail.be/stations/NMBS/008871225","Courcelles-Motte [NMBS/SNCB]","50.462007","4.400534"
"http://irail.be/stations/NMBS/008812211","Sint-Agatha-Berchem [NMBS/SNCB]","50.872625","4.289895"
"http://irail.be/stations/NMBS/008832573","Overpelt [NMBS/SNCB]","51.215618","5.422751"
"http://irail.be/stations/NMBS/008814332","Lembeek [NMBS/SNCB]","50.715107","4.221577"